{
    "parent": "minecraft:block/orientable",
  "textures": {
    "front": "minecraft:block/carved_pumpkin",
    "side": "minecraft:block/pumpkin_side",
    "top": "minecraft:block/pumpkin_top"
  },

    "overrides":
    [
        {"predicate": {"custom_model_data": 5305}, "model": "hats/salmon_crown"},
        {"predicate": {"custom_model_data": 5306}, "model": "costume/creeper"},
        {"predicate": {"custom_model_data": 5307}, "model": "costume/oak_tree"},
        {"predicate": {"custom_model_data": 5307}, "model": "costume/dark_oak_tree"}
    ]
  }