{
	"credit": "Made with Blockbench",
	"texture_size": [32, 32],
	"textures": {
		"0": "item/sunsword",
		"1": "item/godlight",
		"particle": "item/sunsword"
	},
	"elements": [
		{
			"from": [7, -0.5, 8],
			"to": [7.75, 3.75, 8.5],
			"faces": {
				"north": {"uv": [3, 0, 3.375, 2.125], "texture": "#0"},
				"east": {"uv": [3, 5, 3.25, 7.125], "texture": "#0"},
				"south": {"uv": [3, 2.5, 3.375, 4.625], "texture": "#0"},
				"west": {"uv": [5.5, 0, 5.75, 2.125], "texture": "#0"},
				"up": {"uv": [1.875, 9.25, 1.5, 9], "texture": "#0"},
				"down": {"uv": [9.375, 1.5, 9, 1.75], "texture": "#0"}
			}
		},
		{
			"from": [6.75, -1, 7.75],
			"to": [8, -0.5, 8.75],
			"faces": {
				"north": {"uv": [7.5, 4, 8.125, 4.25], "texture": "#0"},
				"east": {"uv": [2, 8, 2.5, 8.25], "texture": "#0"},
				"south": {"uv": [7.5, 4.5, 8.125, 4.75], "texture": "#0"},
				"west": {"uv": [8, 2, 8.5, 2.25], "texture": "#0"},
				"up": {"uv": [6.125, 5, 5.5, 4.5], "texture": "#0"},
				"down": {"uv": [6.125, 5, 5.5, 5.5], "texture": "#0"}
			}
		},
		{
			"from": [7.5, -1.5, 8.13],
			"to": [7.75, -1, 8.38],
			"faces": {
				"north": {"uv": [0, 11, 0.125, 11.25], "texture": "#0"},
				"east": {"uv": [11, 0, 11.125, 0.25], "texture": "#0"},
				"south": {"uv": [0.5, 11, 0.625, 11.25], "texture": "#0"},
				"west": {"uv": [11, 0.5, 11.125, 0.75], "texture": "#0"},
				"up": {"uv": [5.625, 12.125, 5.5, 12], "texture": "#0"},
				"down": {"uv": [12.125, 5.5, 12, 5.625], "texture": "#0"}
			}
		},
		{
			"from": [7, -1.5, 8.13],
			"to": [7.25, -1, 8.38],
			"faces": {
				"north": {"uv": [1, 11, 1.125, 11.25], "texture": "#0"},
				"east": {"uv": [11, 1, 11.125, 1.25], "texture": "#0"},
				"south": {"uv": [1.5, 11, 1.625, 11.25], "texture": "#0"},
				"west": {"uv": [11, 1.5, 11.125, 1.75], "texture": "#0"},
				"up": {"uv": [6.125, 12.125, 6, 12], "texture": "#0"},
				"down": {"uv": [12.125, 6, 12, 6.125], "texture": "#0"}
			}
		},
		{
			"from": [7.25, -1.5, 8.13],
			"to": [7.5, -1.25, 8.38],
			"faces": {
				"north": {"uv": [6.5, 12, 6.625, 12.125], "texture": "#0"},
				"east": {"uv": [12, 6.5, 12.125, 6.625], "texture": "#0"},
				"south": {"uv": [7, 12, 7.125, 12.125], "texture": "#0"},
				"west": {"uv": [12, 7, 12.125, 7.125], "texture": "#0"},
				"up": {"uv": [7.625, 12.125, 7.5, 12], "texture": "#0"},
				"down": {"uv": [12.125, 7.5, 12, 7.625], "texture": "#0"}
			}
		},
		{
			"from": [6.749, 3.75, 7.835],
			"to": [8.001, 5, 8.66],
			"faces": {
				"north": {"uv": [2, 5.5, 2.625, 6.125], "texture": "#0"},
				"east": {"uv": [6, 1, 6.375, 1.625], "texture": "#0"},
				"south": {"uv": [5.5, 2.5, 6.125, 3.125], "texture": "#0"},
				"west": {"uv": [1.5, 6, 1.875, 6.625], "texture": "#0"},
				"up": {"uv": [6.625, 2.375, 6, 2], "texture": "#0"},
				"down": {"uv": [4.125, 6, 3.5, 6.375], "texture": "#0"}
			}
		},
		{
			"from": [6.849, 3.85, 7.735],
			"to": [7.901, 4.9, 8.76],
			"rotation": {"angle": 0, "axis": "y", "origin": [7.375, 4.375, 8.2475]},
			"faces": {
				"north": {"uv": [5.5, 5.5, 6, 6], "texture": "#0"},
				"east": {"uv": [0, 6, 0.5, 6.5], "texture": "#0"},
				"south": {"uv": [6, 0, 6.5, 0.5], "texture": "#0"},
				"west": {"uv": [0.5, 6, 1, 6.5], "texture": "#0"},
				"up": {"uv": [6.5, 1, 6, 0.5], "texture": "#0"},
				"down": {"uv": [1.5, 6, 1, 6.5], "texture": "#0"}
			}
		},
		{
			"from": [6.749, 3.75, 7.836],
			"to": [8.001, 5, 8.659],
			"rotation": {"angle": -45, "axis": "z", "origin": [7.375, 4.375, 8.2475]},
			"faces": {
				"north": {"uv": [5.5, 3.5, 6.125, 4.125], "texture": "#0"},
				"east": {"uv": [0, 6.5, 0.375, 7.125], "texture": "#0"},
				"south": {"uv": [4.5, 5.5, 5.125, 6.125], "texture": "#0"},
				"west": {"uv": [6.5, 0, 6.875, 0.625], "texture": "#0"},
				"up": {"uv": [1.125, 6.875, 0.5, 6.5], "texture": "#0"},
				"down": {"uv": [7.125, 1, 6.5, 1.375], "texture": "#0"}
			}
		},
		{
			"from": [7, 5, 7.935],
			"to": [7.75, 5.75, 8.56],
			"faces": {
				"north": {"uv": [1, 7.5, 1.375, 7.875], "texture": "#0"},
				"east": {"uv": [3, 7.5, 3.375, 7.875], "texture": "#0"},
				"south": {"uv": [8, 0, 8.375, 0.375], "texture": "#0"},
				"west": {"uv": [8, 0.5, 8.375, 0.875], "texture": "#0"},
				"up": {"uv": [1.375, 8.375, 1, 8], "texture": "#0"},
				"down": {"uv": [1.875, 8, 1.5, 8.375], "texture": "#0"}
			}
		},
		{
			"from": [7.25, 5.75, 7.935],
			"to": [7.5, 7, 8.56],
			"faces": {
				"north": {"uv": [9.5, 8.5, 9.625, 9.125], "texture": "#0"},
				"east": {"uv": [5.5, 6, 5.875, 6.625], "texture": "#0"},
				"south": {"uv": [9, 9.5, 9.125, 10.125], "texture": "#0"},
				"west": {"uv": [6, 5.5, 6.375, 6.125], "texture": "#0"},
				"up": {"uv": [10.625, 9.375, 10.5, 9], "texture": "#0"},
				"down": {"uv": [9.625, 10.5, 9.5, 10.875], "texture": "#0"}
			}
		},
		{
			"from": [6.75, 4.5, 8.183],
			"to": [8, 16.5, 8.308],
			"faces": {
				"north": {"uv": [0, 0, 0.625, 6], "texture": "#0"},
				"east": {"uv": [3.5, 0, 3.625, 6], "texture": "#0"},
				"south": {"uv": [1, 0, 1.625, 6], "texture": "#0"},
				"west": {"uv": [4, 0, 4.125, 6], "texture": "#0"},
				"up": {"uv": [10.125, 9.625, 9.5, 9.5], "texture": "#0"},
				"down": {"uv": [10.625, 0, 10, 0.125], "texture": "#0"}
			}
		},
		{
			"from": [7, 16.5, 8.183],
			"to": [7.75, 17, 8.308],
			"faces": {
				"north": {"uv": [2, 9, 2.375, 9.25], "texture": "#0"},
				"east": {"uv": [2, 11, 2.125, 11.25], "texture": "#0"},
				"south": {"uv": [9, 2, 9.375, 2.25], "texture": "#0"},
				"west": {"uv": [11, 2, 11.125, 2.25], "texture": "#0"},
				"up": {"uv": [10.875, 9.625, 10.5, 9.5], "texture": "#0"},
				"down": {"uv": [10.375, 10.5, 10, 10.625], "texture": "#0"}
			}
		},
		{
			"from": [7.25, 17, 8.183],
			"to": [7.5, 17.5, 8.308],
			"faces": {
				"north": {"uv": [2.5, 11, 2.625, 11.25], "texture": "#0"},
				"east": {"uv": [11, 2.5, 11.125, 2.75], "texture": "#0"},
				"south": {"uv": [3, 11, 3.125, 11.25], "texture": "#0"},
				"west": {"uv": [11, 3, 11.125, 3.25], "texture": "#0"},
				"up": {"uv": [8.125, 12.125, 8, 12], "texture": "#0"},
				"down": {"uv": [12.125, 8, 12, 8.125], "texture": "#0"}
			}
		},
		{
			"from": [7, 5.75, 8.123],
			"to": [7.75, 16.5, 8.373],
			"faces": {
				"north": {"uv": [2, 0, 2.375, 5.375], "texture": "#0"},
				"east": {"uv": [4.5, 0, 4.625, 5.375], "texture": "#0"},
				"south": {"uv": [2.5, 0, 2.875, 5.375], "texture": "#0"},
				"west": {"uv": [5, 0, 5.125, 5.375], "texture": "#0"},
				"up": {"uv": [10.875, 10.125, 10.5, 10], "texture": "#0"},
				"down": {"uv": [10.875, 10.5, 10.5, 10.625], "texture": "#0"}
			}
		},
		{
			"from": [7.25, 16.5, 8.123],
			"to": [7.5, 17, 8.373],
			"faces": {
				"north": {"uv": [3.5, 11, 3.625, 11.25], "texture": "#0"},
				"east": {"uv": [11, 3.5, 11.125, 3.75], "texture": "#0"},
				"south": {"uv": [4, 11, 4.125, 11.25], "texture": "#0"},
				"west": {"uv": [11, 4, 11.125, 4.25], "texture": "#0"},
				"up": {"uv": [8.625, 12.125, 8.5, 12], "texture": "#0"},
				"down": {"uv": [12.125, 8.5, 12, 8.625], "texture": "#0"}
			}
		},
		{
			"from": [7.87716, 4.6374, 8.1],
			"to": [9.32716, 5.1374, 8.4],
			"rotation": {"angle": 22.5, "axis": "z", "origin": [8.60216, 4.86481, 8.25]},
			"faces": {
				"north": {"uv": [6, 7.5, 6.75, 7.75], "texture": "#0"},
				"east": {"uv": [7.5, 11, 7.625, 11.25], "texture": "#0"},
				"south": {"uv": [7.5, 6, 8.25, 6.25], "texture": "#0"},
				"west": {"uv": [11, 7.5, 11.125, 7.75], "texture": "#0"},
				"up": {"uv": [2.25, 10.125, 1.5, 10], "texture": "#0"},
				"down": {"uv": [10.75, 1.5, 10, 1.625], "texture": "#0"}
			}
		},
		{
			"from": [5.38269, 3.58156, 8.1],
			"to": [6.83269, 4.08156, 8.4],
			"rotation": {"angle": 22.5, "axis": "z", "origin": [6.10769, 3.83156, 8.25]},
			"faces": {
				"north": {"uv": [6.5, 5.5, 7.25, 5.75], "texture": "#0"},
				"east": {"uv": [8, 11, 8.125, 11.25], "texture": "#0"},
				"south": {"uv": [6, 6.5, 6.75, 6.75], "texture": "#0"},
				"west": {"uv": [11, 8, 11.125, 8.25], "texture": "#0"},
				"up": {"uv": [9.75, 5.625, 9, 5.5], "texture": "#0"},
				"down": {"uv": [9.75, 6, 9, 6.125], "texture": "#0"}
			}
		},
		{
			"from": [5.41356, 4.63743, 8.1],
			"to": [6.86356, 5.13743, 8.4],
			"rotation": {"angle": -22.5, "axis": "z", "origin": [6.13856, 4.88743, 8.25]},
			"faces": {
				"north": {"uv": [6.5, 6, 7.25, 6.25], "texture": "#0"},
				"east": {"uv": [8.5, 11, 8.625, 11.25], "texture": "#0"},
				"south": {"uv": [7, 0, 7.75, 0.25], "texture": "#0"},
				"west": {"uv": [11, 8.5, 11.125, 8.75], "texture": "#0"},
				"up": {"uv": [7.25, 9.125, 6.5, 9], "texture": "#0"},
				"down": {"uv": [9.75, 6.5, 9, 6.625], "texture": "#0"}
			}
		},
		{
			"from": [7.90803, 3.5816, 8.1],
			"to": [9.35803, 4.0816, 8.4],
			"rotation": {"angle": -22.5, "axis": "z", "origin": [8.63303, 3.85419, 8.25]},
			"faces": {
				"north": {"uv": [0.5, 7, 1.25, 7.25], "texture": "#0"},
				"east": {"uv": [9, 11, 9.125, 11.25], "texture": "#0"},
				"south": {"uv": [7, 0.5, 7.75, 0.75], "texture": "#0"},
				"west": {"uv": [11, 9, 11.125, 9.25], "texture": "#0"},
				"up": {"uv": [9.75, 7.125, 9, 7], "texture": "#0"},
				"down": {"uv": [8.25, 9, 7.5, 9.125], "texture": "#0"}
			}
		},
		{
			"from": [7.59065, 2.56746, 8.1],
			"to": [8.09065, 4.01746, 8.4],
			"rotation": {"angle": 22.5, "axis": "z", "origin": [8.24065, 3.59246, 8.375]},
			"faces": {
				"north": {"uv": [1.5, 7, 1.75, 7.75], "texture": "#0"},
				"east": {"uv": [9, 7.5, 9.125, 8.25], "texture": "#0"},
				"south": {"uv": [2, 7, 2.25, 7.75], "texture": "#0"},
				"west": {"uv": [8.5, 9, 8.625, 9.75], "texture": "#0"},
				"up": {"uv": [9.75, 11.125, 9.5, 11], "texture": "#0"},
				"down": {"uv": [11.25, 9.5, 11, 9.625], "texture": "#0"}
			}
		},
		{
			"from": [6.56, 2.4, 8.1],
			"to": [7.06, 3.85, 8.4],
			"rotation": {"angle": -22.5, "axis": "z", "origin": [6.87076, 3.26815, 8.375]},
			"faces": {
				"north": {"uv": [5, 7, 5.25, 7.75], "texture": "#0"},
				"east": {"uv": [1, 9.5, 1.125, 10.25], "texture": "#0"},
				"south": {"uv": [5.5, 7, 5.75, 7.75], "texture": "#0"},
				"west": {"uv": [9.5, 1, 9.625, 1.75], "texture": "#0"},
				"up": {"uv": [11.25, 11.125, 11, 11], "texture": "#0"},
				"down": {"uv": [0.25, 11.5, 0, 11.625], "texture": "#0"}
			}
		},
		{
			"from": [6.51788, 4.85516, 8.1],
			"to": [7.01788, 6.30516, 8.4],
			"rotation": {"angle": 22.5, "axis": "z", "origin": [6.76788, 5.58016, 8.25]},
			"faces": {
				"north": {"uv": [2.5, 7, 2.75, 7.75], "texture": "#0"},
				"east": {"uv": [9, 8.5, 9.125, 9.25], "texture": "#0"},
				"south": {"uv": [3.5, 7, 3.75, 7.75], "texture": "#0"},
				"west": {"uv": [0, 9.5, 0.125, 10.25], "texture": "#0"},
				"up": {"uv": [10.25, 11.125, 10, 11], "texture": "#0"},
				"down": {"uv": [11.25, 10, 11, 10.125], "texture": "#0"}
			}
		},
		{
			"from": [7.73217, 4.8552, 8.1],
			"to": [8.23217, 6.3052, 8.4],
			"rotation": {"angle": -22.5, "axis": "z", "origin": [7.98217, 5.54696, 8.25]},
			"faces": {
				"north": {"uv": [4, 7, 4.25, 7.75], "texture": "#0"},
				"east": {"uv": [9.5, 0, 9.625, 0.75], "texture": "#0"},
				"south": {"uv": [4.5, 7, 4.75, 7.75], "texture": "#0"},
				"west": {"uv": [0.5, 9.5, 0.625, 10.25], "texture": "#0"},
				"up": {"uv": [10.75, 11.125, 10.5, 11], "texture": "#0"},
				"down": {"uv": [11.25, 10.5, 11, 10.625], "texture": "#0"}
			}
		},
		{
			"from": [7.7, 3.6, 8.1225],
			"to": [9.2, 4.1, 8.3725],
			"rotation": {"angle": -45, "axis": "z", "origin": [7.95, 3.95, 7.95]},
			"faces": {
				"north": {"uv": [7.5, 3, 8.25, 3.25], "texture": "#0"},
				"east": {"uv": [5, 12, 5.125, 12.25], "texture": "#0"},
				"south": {"uv": [7.5, 3.5, 8.25, 3.75], "texture": "#0"},
				"west": {"uv": [12, 5, 12.125, 5.25], "texture": "#0"},
				"up": {"uv": [10.25, 7.625, 9.5, 7.5], "texture": "#0"},
				"down": {"uv": [10.25, 8, 9.5, 8.125], "texture": "#0"}
			}
		},
		{
			"from": [5.35, 3.6, 8.1225],
			"to": [6.8, 4.1, 8.3725],
			"rotation": {"angle": -45, "axis": "z", "origin": [7.95, 3.95, 7.95]},
			"faces": {
				"north": {"uv": [7.5, 1.5, 8.25, 1.75], "texture": "#0"},
				"east": {"uv": [4.5, 12, 4.625, 12.25], "texture": "#0"},
				"south": {"uv": [7.5, 2.5, 8.25, 2.75], "texture": "#0"},
				"west": {"uv": [12, 4.5, 12.125, 4.75], "texture": "#0"},
				"up": {"uv": [7.25, 9.625, 6.5, 9.5], "texture": "#0"},
				"down": {"uv": [8.25, 9.5, 7.5, 9.625], "texture": "#0"}
			}
		},
		{
			"from": [7.7, 4.1, 8.1225],
			"to": [9.3, 4.6, 8.3725],
			"rotation": {"angle": 0, "axis": "y", "origin": [7.95, 3.95, 7.95]},
			"faces": {
				"north": {"uv": [0, 7.5, 0.75, 7.75], "texture": "#0"},
				"east": {"uv": [4, 12, 4.125, 12.25], "texture": "#0"},
				"south": {"uv": [7.5, 1, 8.25, 1.25], "texture": "#0"},
				"west": {"uv": [12, 4, 12.125, 4.25], "texture": "#0"},
				"up": {"uv": [5.25, 9.625, 4.5, 9.5], "texture": "#0"},
				"down": {"uv": [6.25, 9.5, 5.5, 9.625], "texture": "#0"}
			}
		},
		{
			"from": [5.45, 4.1, 8.1225],
			"to": [7.05, 4.6, 8.3725],
			"rotation": {"angle": 0, "axis": "y", "origin": [7.95, 3.95, 7.95]},
			"faces": {
				"north": {"uv": [7, 6.5, 7.75, 6.75], "texture": "#0"},
				"east": {"uv": [3.5, 12, 3.625, 12.25], "texture": "#0"},
				"south": {"uv": [7, 7, 7.75, 7.25], "texture": "#0"},
				"west": {"uv": [12, 3.5, 12.125, 3.75], "texture": "#0"},
				"up": {"uv": [3.25, 9.625, 2.5, 9.5], "texture": "#0"},
				"down": {"uv": [4.25, 9.5, 3.5, 9.625], "texture": "#0"}
			}
		},
		{
			"from": [5.25, 2.73, 8.1225],
			"to": [6.75, 3.23, 8.3725],
			"rotation": {"angle": 45, "axis": "z", "origin": [5.6, 3.85, 7.975]},
			"faces": {
				"north": {"uv": [7, 2, 7.75, 2.25], "texture": "#0"},
				"east": {"uv": [3, 12, 3.125, 12.25], "texture": "#0"},
				"south": {"uv": [6, 7, 6.75, 7.25], "texture": "#0"},
				"west": {"uv": [12, 3, 12.125, 3.25], "texture": "#0"},
				"up": {"uv": [2.25, 9.625, 1.5, 9.5], "texture": "#0"},
				"down": {"uv": [10.25, 2, 9.5, 2.125], "texture": "#0"}
			}
		},
		{
			"from": [7.8, 2.7, 8.1225],
			"to": [9.1, 3.2, 8.3725],
			"rotation": {"angle": 45, "axis": "z", "origin": [5.6, 3.85, 7.975]},
			"faces": {
				"north": {"uv": [7, 7.5, 7.625, 7.75], "texture": "#0"},
				"east": {"uv": [2.5, 12, 2.625, 12.25], "texture": "#0"},
				"south": {"uv": [0, 8, 0.625, 8.25], "texture": "#0"},
				"west": {"uv": [12, 2.5, 12.125, 2.75], "texture": "#0"},
				"up": {"uv": [3.125, 10.125, 2.5, 10], "texture": "#0"},
				"down": {"uv": [10.625, 2.5, 10, 2.625], "texture": "#0"}
			}
		},
		{
			"from": [5.239, 3.805, 8.1225],
			"to": [6.239, 4.305, 8.3725],
			"rotation": {"angle": 22.5, "axis": "z", "origin": [8.69246, 3.06612, 8.175]},
			"faces": {
				"north": {"uv": [1, 9, 1.5, 9.25], "texture": "#0"},
				"east": {"uv": [2, 12, 2.125, 12.25], "texture": "#0"},
				"south": {"uv": [9, 1, 9.5, 1.25], "texture": "#0"},
				"west": {"uv": [12, 2, 12.125, 2.25], "texture": "#0"},
				"up": {"uv": [11, 8.625, 10.5, 8.5], "texture": "#0"},
				"down": {"uv": [9.5, 10.5, 9, 10.625], "texture": "#0"}
			}
		},
		{
			"from": [4.22, 2.427, 8.1225],
			"to": [5.22, 2.927, 8.3725],
			"rotation": {"angle": 0, "axis": "y", "origin": [9.14823, 2.85989, 8.175]},
			"faces": {
				"north": {"uv": [0.5, 9, 1, 9.25], "texture": "#0"},
				"east": {"uv": [1.5, 12, 1.625, 12.25], "texture": "#0"},
				"south": {"uv": [9, 0.5, 9.5, 0.75], "texture": "#0"},
				"west": {"uv": [12, 1.5, 12.125, 1.75], "texture": "#0"},
				"up": {"uv": [11, 8.125, 10.5, 8], "texture": "#0"},
				"down": {"uv": [9, 10.5, 8.5, 10.625], "texture": "#0"}
			}
		},
		{
			"from": [9.97, 4.46, 8.1225],
			"to": [10.97, 4.96, 8.3725],
			"rotation": {"angle": 45, "axis": "z", "origin": [10.07412, 4.77494, 8.175]},
			"faces": {
				"north": {"uv": [0, 9, 0.5, 9.25], "texture": "#0"},
				"east": {"uv": [1, 12, 1.125, 12.25], "texture": "#0"},
				"south": {"uv": [9, 0, 9.5, 0.25], "texture": "#0"},
				"west": {"uv": [12, 1, 12.125, 1.25], "texture": "#0"},
				"up": {"uv": [11, 7.625, 10.5, 7.5], "texture": "#0"},
				"down": {"uv": [8.5, 10.5, 8, 10.625], "texture": "#0"}
			}
		},
		{
			"from": [9.1, 4.445, 8.1225],
			"to": [10.1, 4.945, 8.3725],
			"rotation": {"angle": 22.5, "axis": "z", "origin": [10.07412, 4.77494, 8.175]},
			"faces": {
				"north": {"uv": [8.5, 8, 9, 8.25], "texture": "#0"},
				"east": {"uv": [0.5, 12, 0.625, 12.25], "texture": "#0"},
				"south": {"uv": [8.5, 8.5, 9, 8.75], "texture": "#0"},
				"west": {"uv": [12, 0.5, 12.125, 0.75], "texture": "#0"},
				"up": {"uv": [11, 7.125, 10.5, 7], "texture": "#0"},
				"down": {"uv": [8, 10.5, 7.5, 10.625], "texture": "#0"}
			}
		},
		{
			"from": [8.775, 6.435, 8.1225],
			"to": [9.275, 7.435, 8.3725],
			"rotation": {"angle": 0, "axis": "x", "origin": [8.97412, 6.57494, 8.175]},
			"faces": {
				"north": {"uv": [8.5, 7.5, 8.75, 8], "texture": "#0"},
				"east": {"uv": [10.5, 6.5, 10.625, 7], "texture": "#0"},
				"south": {"uv": [8, 8.5, 8.25, 9], "texture": "#0"},
				"west": {"uv": [7, 10.5, 7.125, 11], "texture": "#0"},
				"up": {"uv": [0.25, 12.125, 0, 12], "texture": "#0"},
				"down": {"uv": [12.25, 0, 12, 0.125], "texture": "#0"}
			}
		},
		{
			"from": [8.80406, 5.56, 8.1225],
			"to": [9.30406, 6.56, 8.3725],
			"rotation": {"angle": -22.5, "axis": "z", "origin": [8.97412, 6.57494, 8.175]},
			"faces": {
				"north": {"uv": [8.5, 7, 8.75, 7.5], "texture": "#0"},
				"east": {"uv": [10.5, 6, 10.625, 6.5], "texture": "#0"},
				"south": {"uv": [7.5, 8.5, 7.75, 9], "texture": "#0"},
				"west": {"uv": [6.5, 10.5, 6.625, 11], "texture": "#0"},
				"up": {"uv": [11.75, 11.125, 11.5, 11], "texture": "#0"},
				"down": {"uv": [11.75, 11.5, 11.5, 11.625], "texture": "#0"}
			}
		},
		{
			"from": [9.5, 2.44, 8.1225],
			"to": [10.5, 2.94, 8.3725],
			"rotation": {"angle": 0, "axis": "y", "origin": [9.14823, 2.85989, 8.175]},
			"faces": {
				"north": {"uv": [8.5, 6.5, 9, 6.75], "texture": "#0"},
				"east": {"uv": [11.5, 10.5, 11.625, 10.75], "texture": "#0"},
				"south": {"uv": [7, 8.5, 7.5, 8.75], "texture": "#0"},
				"west": {"uv": [11, 11.5, 11.125, 11.75], "texture": "#0"},
				"up": {"uv": [11, 5.625, 10.5, 5.5], "texture": "#0"},
				"down": {"uv": [6.5, 10.5, 6, 10.625], "texture": "#0"}
			}
		},
		{
			"from": [8.69246, 2.8, 8.1225],
			"to": [9.69246, 3.3, 8.3725],
			"rotation": {"angle": -22.5, "axis": "z", "origin": [8.69246, 3.06612, 8.175]},
			"faces": {
				"north": {"uv": [8.5, 6, 9, 6.25], "texture": "#0"},
				"east": {"uv": [11.5, 10, 11.625, 10.25], "texture": "#0"},
				"south": {"uv": [6.5, 8.5, 7, 8.75], "texture": "#0"},
				"west": {"uv": [10.5, 11.5, 10.625, 11.75], "texture": "#0"},
				"up": {"uv": [11, 5.125, 10.5, 5], "texture": "#0"},
				"down": {"uv": [6, 10.5, 5.5, 10.625], "texture": "#0"}
			}
		},
		{
			"from": [4.58625, 4.27204, 8.1225],
			"to": [5.58625, 4.77204, 8.3725],
			"rotation": {"angle": -22.5, "axis": "z", "origin": [5.08625, 4.52204, 8.225]},
			"faces": {
				"north": {"uv": [8.5, 5.5, 9, 5.75], "texture": "#0"},
				"east": {"uv": [11.5, 9.5, 11.625, 9.75], "texture": "#0"},
				"south": {"uv": [6, 8.5, 6.5, 8.75], "texture": "#0"},
				"west": {"uv": [10, 11.5, 10.125, 11.75], "texture": "#0"},
				"up": {"uv": [11, 4.625, 10.5, 4.5], "texture": "#0"},
				"down": {"uv": [5.5, 10.5, 5, 10.625], "texture": "#0"}
			}
		},
		{
			"from": [5.62, 0.484, 8.1225],
			"to": [6.62, 0.984, 8.3725],
			"rotation": {"angle": -45, "axis": "z", "origin": [10.39997, 5.00895, 8.175]},
			"faces": {
				"north": {"uv": [8.5, 5, 9, 5.25], "texture": "#0"},
				"east": {"uv": [11.5, 9, 11.625, 9.25], "texture": "#0"},
				"south": {"uv": [5.5, 8.5, 6, 8.75], "texture": "#0"},
				"west": {"uv": [9.5, 11.5, 9.625, 11.75], "texture": "#0"},
				"up": {"uv": [11, 4.125, 10.5, 4], "texture": "#0"},
				"down": {"uv": [5, 10.5, 4.5, 10.625], "texture": "#0"}
			}
		},
		{
			"from": [5.89, 6.723, 8.1225],
			"to": [6.39, 7.723, 8.3725],
			"rotation": {"angle": 22.5, "axis": "z", "origin": [8.85091, 6.0686, 8.175]},
			"faces": {
				"north": {"uv": [8.5, 4.5, 8.75, 5], "texture": "#0"},
				"east": {"uv": [10.5, 3.5, 10.625, 4], "texture": "#0"},
				"south": {"uv": [5, 8.5, 5.25, 9], "texture": "#0"},
				"west": {"uv": [4, 10.5, 4.125, 11], "texture": "#0"},
				"up": {"uv": [11.75, 8.625, 11.5, 8.5], "texture": "#0"},
				"down": {"uv": [9.25, 11.5, 9, 11.625], "texture": "#0"}
			}
		},
		{
			"from": [5.482, 6.464, 8.1225],
			"to": [5.982, 7.464, 8.3725],
			"rotation": {"angle": 0, "axis": "y", "origin": [8.97412, 6.57494, 8.175]},
			"faces": {
				"north": {"uv": [8.5, 4, 8.75, 4.5], "texture": "#0"},
				"east": {"uv": [10.5, 3, 10.625, 3.5], "texture": "#0"},
				"south": {"uv": [4.5, 8.5, 4.75, 9], "texture": "#0"},
				"west": {"uv": [3.5, 10.5, 3.625, 11], "texture": "#0"},
				"up": {"uv": [11.75, 8.125, 11.5, 8], "texture": "#0"},
				"down": {"uv": [8.75, 11.5, 8.5, 11.625], "texture": "#0"}
			}
		},
		{
			"from": [3.3, 2.3, 8.2475],
			"to": [7, 5.5, 8.2475],
			"rotation": {"angle": 0, "axis": "y", "origin": [0, 0, 0.2]},
			"faces": {
				"north": {"uv": [2.625, 10.5, 4.375, 12], "texture": "#1"},
				"east": {"uv": [0, 0, 0, 1.6], "texture": "#1"},
				"south": {"uv": [0.625, 10.5, 2.375, 12], "texture": "#1"},
				"west": {"uv": [0, 0, 0, 1.6], "texture": "#1"},
				"up": {"uv": [0, 0, 1.85, 0], "texture": "#1"},
				"down": {"uv": [0, 0, 1.85, 0], "texture": "#1"}
			}
		},
		{
			"from": [3.3, 0.8, 8.2475],
			"to": [7, 4, 8.2475],
			"rotation": {"angle": 0, "axis": "y", "origin": [0, 0, 0.2]},
			"faces": {
				"north": {"uv": [2.625, 12, 4.375, 13.5], "texture": "#1"},
				"east": {"uv": [0, 0, 0, 1.6], "texture": "#1"},
				"south": {"uv": [0.625, 12, 2.375, 13.5], "texture": "#1"},
				"west": {"uv": [0, 0, 0, 1.6], "texture": "#1"},
				"up": {"uv": [0, 0, 1.85, 0], "texture": "#1"},
				"down": {"uv": [0, 0, 1.85, 0], "texture": "#1"}
			}
		},
		{
			"from": [7.7, 0.8, 8.2475],
			"to": [11.4, 4, 8.2475],
			"rotation": {"angle": 0, "axis": "y", "origin": [0, 0, 0.2]},
			"faces": {
				"north": {"uv": [0.625, 12, 2.375, 13.5], "texture": "#1"},
				"east": {"uv": [0, 0, 0, 1.6], "texture": "#1"},
				"south": {"uv": [2.625, 12, 4.375, 13.5], "texture": "#1"},
				"west": {"uv": [0, 0, 0, 1.6], "texture": "#1"},
				"up": {"uv": [0, 0, 1.85, 0], "texture": "#1"},
				"down": {"uv": [0, 0, 1.85, 0], "texture": "#1"}
			}
		},
		{
			"from": [7.7, 4.2, 8.2475],
			"to": [11.4, 7.4, 8.2475],
			"rotation": {"angle": 0, "axis": "x", "origin": [0, 0, 0.2]},
			"faces": {
				"north": {"uv": [0.5, 8.75, 2.25, 10.25], "texture": "#1"},
				"east": {"uv": [0, 0, 0, 1.6], "texture": "#1"},
				"south": {"uv": [2.75, 8.75, 4.5, 10.25], "texture": "#1"},
				"west": {"uv": [0, 0, 0, 1.6], "texture": "#1"},
				"up": {"uv": [0, 0, 1.85, 0], "texture": "#1"},
				"down": {"uv": [0, 0, 1.85, 0], "texture": "#1"}
			}
		},
		{
			"from": [7.7, 2.3, 8.2475],
			"to": [11.4, 5.5, 8.2475],
			"rotation": {"angle": 0, "axis": "y", "origin": [0, 0, 0.2]},
			"faces": {
				"north": {"uv": [0.625, 10.5, 2.375, 12], "texture": "#1"},
				"east": {"uv": [0, 0, 0, 1.6], "texture": "#1"},
				"south": {"uv": [2.625, 10.5, 4.375, 12], "texture": "#1"},
				"west": {"uv": [0, 0, 0, 1.6], "texture": "#1"},
				"up": {"uv": [0, 0, 1.85, 0], "texture": "#1"},
				"down": {"uv": [0, 0, 1.85, 0], "texture": "#1"}
			}
		},
		{
			"from": [3.3, 4.2, 8.2475],
			"to": [7, 7.4, 8.2475],
			"rotation": {"angle": 0, "axis": "y", "origin": [0, 0, 0.2]},
			"faces": {
				"north": {"uv": [2.75, 8.75, 4.5, 10.25], "texture": "#1"},
				"east": {"uv": [0, 0, 0, 1.6], "texture": "#1"},
				"south": {"uv": [0.5, 8.75, 2.25, 10.25], "texture": "#1"},
				"west": {"uv": [0, 0, 0, 1.6], "texture": "#1"},
				"up": {"uv": [0, 0, 1.85, 0], "texture": "#1"},
				"down": {"uv": [0, 0, 1.85, 0], "texture": "#1"}
			}
		},
		{
			"from": [2.77, 2, 8.25],
			"to": [11.97, 19.5, 8.25],
			"faces": {
				"north": {"uv": [0, 0, 4.625, 8.75], "texture": "#1"},
				"east": {"uv": [0, 0, 0, 8.75], "texture": "#1"},
				"south": {"uv": [5, 0, 9.625, 8.75], "texture": "#1"},
				"west": {"uv": [0, 0, 0, 8.75], "texture": "#1"},
				"up": {"uv": [4.625, 0, 0, 0], "texture": "#1"},
				"down": {"uv": [4.625, 0, 0, 0], "texture": "#1"}
			}
		}
	],
	"display": {
		"thirdperson_righthand": {
			"rotation": [0, 90, 0],
			"translation": [-0.5, 10, 0.5],
			"scale": [1.7, 1.7, 1.7]
		},
		"thirdperson_lefthand": {
			"rotation": [0, -90, 0],
			"translation": [0.25, 9.25, 0.25],
			"scale": [1.7, 1.7, 1.7]
		},
		"firstperson_righthand": {
			"rotation": [6, 95, 0],
			"translation": [0.5, 7.25, 0.5],
			"scale": [1.6, 1.6, 1.6]
		},
		"firstperson_lefthand": {
			"rotation": [6, -80, 0],
			"translation": [2, 7, 0],
			"scale": [1.6, 1.6, 1.6]
		},
		"ground": {
			"rotation": [0, 0, -45],
			"translation": [0, 13.1456, 0],
			"scale": [2.5, 2.5, 2.5]
		},
		"gui": {
			"rotation": [0, 0, -45],
			"translation": [1.75, 0.75, 0],
			"scale": [1.6, 1.6, 1.6]
		},
		"head": {
			"rotation": [-180, -88, 45],
			"translation": [7.5, -27.25, 2],
			"scale": [2.18, 2.18, 2.18]
		},
		"fixed": {
			"rotation": [0, 0, 45],
			"translation": [0.25, 3, -2],
			"scale": [3.7, 3.7, 3.7]
		}
	},
	"groups": [
		{
			"name": "hilt",
			"origin": [8, 8, 8],
			"color": 0,
			"children": [0, 1, 2, 3, 4, 5, 6, 7, 8, 9]
		},
		{
			"name": "blade",
			"origin": [8, 8, 8],
			"color": 0,
			"children": [10, 11, 12, 13, 14]
		},
		15,
		16,
		17,
		18,
		19,
		20,
		21,
		22,
		23,
		24,
		25,
		26,
		27,
		28,
		29,
		30,
		31,
		32,
		33,
		34,
		35,
		36,
		37,
		38,
		39,
		40,
		{
			"name": "animation",
			"origin": [0, 0, 0],
			"color": 0,
			"children": [41, 42, 43, 44, 45, 46, 47]
		}
	]
}