{
	"credit": "Made with Blockbench",
	"texture_size": [128, 128],
	"textures": {
		"1": "block/custom/texture",
                "particle": "block/custom/texture"
	},
	"elements": [
		{
			"from": [0, 0, 0],
			"to": [16, 15, 16],
			"rotation": {"angle": 0, "axis": "y", "origin": [4, 0, 4]},
			"faces": {
				"north": {"uv": [2, 2, 4, 3.875], "texture": "#1"},
				"east": {"uv": [0, 2, 2, 3.875], "texture": "#1"},
				"south": {"uv": [6, 2, 8, 3.875], "texture": "#1"},
				"west": {"uv": [4, 2, 6, 3.875], "texture": "#1"},
				"up": {"uv": [4, 2, 2, 0], "texture": "#1"},
				"down": {"uv": [6, 0, 4, 2], "texture": "#1"}
			}
		},
		{
			"from": [16, 0, 2],
			"to": [32, 2, 14],
			"rotation": {"angle": 0, "axis": "y", "origin": [16, 0, 8]},
			"faces": {
				"north": {"uv": [7, 5.75, 9, 6], "texture": "#1"},
				"east": {"uv": [5.5, 5.75, 7, 6], "texture": "#1"},
				"south": {"uv": [10.5, 5.75, 12.5, 6], "texture": "#1"},
				"west": {"uv": [9, 5.75, 10.5, 6], "texture": "#1"},
				"up": {"uv": [9, 5.75, 7, 4.25], "texture": "#1"},
				"down": {"uv": [11, 4.25, 9, 5.75], "texture": "#1"}
			}
		},
		{
			"from": [16, 5, 2],
			"to": [32, 8, 14],
			"rotation": {"angle": 0, "axis": "z", "origin": [24, 6, 8]},
			"faces": {
				"north": {"uv": [1.5, 5.375, 3.5, 5.75], "texture": "#1"},
				"east": {"uv": [0, 5.375, 1.5, 5.75], "texture": "#1"},
				"south": {"uv": [5, 5.375, 7, 5.75], "texture": "#1"},
				"west": {"uv": [3.5, 5.375, 5, 5.75], "texture": "#1"},
				"up": {"uv": [3.5, 5.375, 1.5, 3.875], "texture": "#1"},
				"down": {"uv": [5.5, 3.875, 3.5, 5.375], "texture": "#1"}
			}
		},
		{
			"from": [24, 8, 4],
			"to": [28, 10, 6],
			"rotation": {"angle": 0, "axis": "y", "origin": [26, 8, 4]},
			"faces": {
				"north": {"uv": [0.25, 4.125, 0.75, 4.375], "texture": "#1"},
				"east": {"uv": [0, 4.125, 0.25, 4.375], "texture": "#1"},
				"south": {"uv": [1, 4.125, 1.5, 4.375], "texture": "#1"},
				"west": {"uv": [0.75, 4.125, 1, 4.375], "texture": "#1"},
				"up": {"uv": [0.75, 4.125, 0.25, 3.875], "texture": "#1"},
				"down": {"uv": [1.25, 3.875, 0.75, 4.125], "texture": "#1"}
			}
		},
		{
			"from": [24, 8, 10],
			"to": [28, 10, 12],
			"rotation": {"angle": 0, "axis": "y", "origin": [26, 8, 10]},
			"faces": {
				"north": {"uv": [0.25, 1.75, 0.75, 2], "texture": "#1"},
				"east": {"uv": [0, 1.75, 0.25, 2], "texture": "#1"},
				"south": {"uv": [1, 1.75, 1.5, 2], "texture": "#1"},
				"west": {"uv": [0.75, 1.75, 1, 2], "texture": "#1"},
				"up": {"uv": [0.75, 1.75, 0.25, 1.5], "texture": "#1"},
				"down": {"uv": [1.25, 1.5, 0.75, 1.75], "texture": "#1"}
			}
		},
		{
			"from": [18, 4, 12],
			"to": [20, 5, 14],
			"rotation": {"angle": 0, "axis": "y", "origin": [20, 3, 12]},
			"faces": {
				"north": {"uv": [0.5, 1.75, 0.75, 1.875], "texture": "#1"},
				"east": {"uv": [0.25, 1.75, 0.5, 1.875], "texture": "#1"},
				"south": {"uv": [1, 1.75, 1.25, 1.875], "texture": "#1"},
				"west": {"uv": [0.75, 1.75, 1, 1.875], "texture": "#1"},
				"up": {"uv": [0.75, 1.75, 0.5, 1.5], "texture": "#1"},
				"down": {"uv": [1, 1.5, 0.75, 1.75], "texture": "#1"}
			}
		},
		{
			"from": [18, 2, 12],
			"to": [20, 3, 14],
			"rotation": {"angle": 0, "axis": "y", "origin": [20, 1, 12]},
			"faces": {
				"north": {"uv": [0.5, 1.75, 0.75, 1.875], "texture": "#1"},
				"east": {"uv": [0.25, 1.75, 0.5, 1.875], "texture": "#1"},
				"south": {"uv": [1, 1.75, 1.25, 1.875], "texture": "#1"},
				"west": {"uv": [0.75, 1.75, 1, 1.875], "texture": "#1"},
				"up": {"uv": [0.75, 1.75, 0.5, 1.5], "texture": "#1"},
				"down": {"uv": [1, 1.5, 0.75, 1.75], "texture": "#1"}
			}
		},
		{
			"from": [18, 2, 2],
			"to": [20, 3, 4],
			"rotation": {"angle": 0, "axis": "y", "origin": [20, 1, 2]},
			"faces": {
				"north": {"uv": [0.5, 1.75, 0.75, 1.875], "texture": "#1"},
				"east": {"uv": [0.25, 1.75, 0.5, 1.875], "texture": "#1"},
				"south": {"uv": [1, 1.75, 1.25, 1.875], "texture": "#1"},
				"west": {"uv": [0.75, 1.75, 1, 1.875], "texture": "#1"},
				"up": {"uv": [0.75, 1.75, 0.5, 1.5], "texture": "#1"},
				"down": {"uv": [1, 1.5, 0.75, 1.75], "texture": "#1"}
			}
		},
		{
			"from": [18, 4, 2],
			"to": [20, 5, 4],
			"rotation": {"angle": 0, "axis": "y", "origin": [20, 3, 2]},
			"faces": {
				"north": {"uv": [0.5, 1.75, 0.75, 1.875], "texture": "#1"},
				"east": {"uv": [0.25, 1.75, 0.5, 1.875], "texture": "#1"},
				"south": {"uv": [1, 1.75, 1.25, 1.875], "texture": "#1"},
				"west": {"uv": [0.75, 1.75, 1, 1.875], "texture": "#1"},
				"up": {"uv": [0.75, 1.75, 0.5, 1.5], "texture": "#1"},
				"down": {"uv": [1, 1.5, 0.75, 1.75], "texture": "#1"}
			}
		},
		{
			"from": [22, 4, 2],
			"to": [24, 5, 4],
			"rotation": {"angle": 0, "axis": "y", "origin": [24, 3, 2]},
			"faces": {
				"north": {"uv": [0.5, 1.75, 0.75, 1.875], "texture": "#1"},
				"east": {"uv": [0.25, 1.75, 0.5, 1.875], "texture": "#1"},
				"south": {"uv": [1, 1.75, 1.25, 1.875], "texture": "#1"},
				"west": {"uv": [0.75, 1.75, 1, 1.875], "texture": "#1"},
				"up": {"uv": [0.75, 1.75, 0.5, 1.5], "texture": "#1"},
				"down": {"uv": [1, 1.5, 0.75, 1.75], "texture": "#1"}
			}
		},
		{
			"from": [22, 2, 2],
			"to": [24, 3, 4],
			"rotation": {"angle": 0, "axis": "y", "origin": [24, 1, 2]},
			"faces": {
				"north": {"uv": [0.5, 1.75, 0.75, 1.875], "texture": "#1"},
				"east": {"uv": [0.25, 1.75, 0.5, 1.875], "texture": "#1"},
				"south": {"uv": [1, 1.75, 1.25, 1.875], "texture": "#1"},
				"west": {"uv": [0.75, 1.75, 1, 1.875], "texture": "#1"},
				"up": {"uv": [0.75, 1.75, 0.5, 1.5], "texture": "#1"},
				"down": {"uv": [1, 1.5, 0.75, 1.75], "texture": "#1"}
			}
		},
		{
			"from": [26, 4, 2],
			"to": [28, 5, 4],
			"rotation": {"angle": 0, "axis": "y", "origin": [28, 3, 2]},
			"faces": {
				"north": {"uv": [0.5, 1.75, 0.75, 1.875], "texture": "#1"},
				"east": {"uv": [0.25, 1.75, 0.5, 1.875], "texture": "#1"},
				"south": {"uv": [1, 1.75, 1.25, 1.875], "texture": "#1"},
				"west": {"uv": [0.75, 1.75, 1, 1.875], "texture": "#1"},
				"up": {"uv": [0.75, 1.75, 0.5, 1.5], "texture": "#1"},
				"down": {"uv": [1, 1.5, 0.75, 1.75], "texture": "#1"}
			}
		},
		{
			"from": [26, 2, 2],
			"to": [28, 3, 4],
			"rotation": {"angle": 0, "axis": "y", "origin": [28, 1, 2]},
			"faces": {
				"north": {"uv": [0.5, 1.75, 0.75, 1.875], "texture": "#1"},
				"east": {"uv": [0.25, 1.75, 0.5, 1.875], "texture": "#1"},
				"south": {"uv": [1, 1.75, 1.25, 1.875], "texture": "#1"},
				"west": {"uv": [0.75, 1.75, 1, 1.875], "texture": "#1"},
				"up": {"uv": [0.75, 1.75, 0.5, 1.5], "texture": "#1"},
				"down": {"uv": [1, 1.5, 0.75, 1.75], "texture": "#1"}
			}
		},
		{
			"from": [30, 4, 2],
			"to": [32, 5, 4],
			"rotation": {"angle": 0, "axis": "y", "origin": [32, 3, 2]},
			"faces": {
				"north": {"uv": [0.5, 1.75, 0.75, 1.875], "texture": "#1"},
				"east": {"uv": [0.25, 1.75, 0.5, 1.875], "texture": "#1"},
				"south": {"uv": [1, 1.75, 1.25, 1.875], "texture": "#1"},
				"west": {"uv": [0.75, 1.75, 1, 1.875], "texture": "#1"},
				"up": {"uv": [0.75, 1.75, 0.5, 1.5], "texture": "#1"},
				"down": {"uv": [1, 1.5, 0.75, 1.75], "texture": "#1"}
			}
		},
		{
			"from": [30, 2, 2],
			"to": [32, 3, 4],
			"rotation": {"angle": 0, "axis": "y", "origin": [32, 1, 2]},
			"faces": {
				"north": {"uv": [0.5, 1.75, 0.75, 1.875], "texture": "#1"},
				"east": {"uv": [0.25, 1.75, 0.5, 1.875], "texture": "#1"},
				"south": {"uv": [1, 1.75, 1.25, 1.875], "texture": "#1"},
				"west": {"uv": [0.75, 1.75, 1, 1.875], "texture": "#1"},
				"up": {"uv": [0.75, 1.75, 0.5, 1.5], "texture": "#1"},
				"down": {"uv": [1, 1.5, 0.75, 1.75], "texture": "#1"}
			}
		},
		{
			"from": [22, 4, 12],
			"to": [24, 5, 14],
			"rotation": {"angle": 0, "axis": "y", "origin": [24, 3, 12]},
			"faces": {
				"north": {"uv": [0.5, 1.75, 0.75, 1.875], "texture": "#1"},
				"east": {"uv": [0.25, 1.75, 0.5, 1.875], "texture": "#1"},
				"south": {"uv": [1, 1.75, 1.25, 1.875], "texture": "#1"},
				"west": {"uv": [0.75, 1.75, 1, 1.875], "texture": "#1"},
				"up": {"uv": [0.75, 1.75, 0.5, 1.5], "texture": "#1"},
				"down": {"uv": [1, 1.5, 0.75, 1.75], "texture": "#1"}
			}
		},
		{
			"from": [22, 2, 12],
			"to": [24, 3, 14],
			"rotation": {"angle": 0, "axis": "y", "origin": [24, 1, 12]},
			"faces": {
				"north": {"uv": [0.5, 1.75, 0.75, 1.875], "texture": "#1"},
				"east": {"uv": [0.25, 1.75, 0.5, 1.875], "texture": "#1"},
				"south": {"uv": [1, 1.75, 1.25, 1.875], "texture": "#1"},
				"west": {"uv": [0.75, 1.75, 1, 1.875], "texture": "#1"},
				"up": {"uv": [0.75, 1.75, 0.5, 1.5], "texture": "#1"},
				"down": {"uv": [1, 1.5, 0.75, 1.75], "texture": "#1"}
			}
		},
		{
			"from": [26, 4, 12],
			"to": [28, 5, 14],
			"rotation": {"angle": 0, "axis": "y", "origin": [28, 3, 12]},
			"faces": {
				"north": {"uv": [0.5, 1.75, 0.75, 1.875], "texture": "#1"},
				"east": {"uv": [0.25, 1.75, 0.5, 1.875], "texture": "#1"},
				"south": {"uv": [1, 1.75, 1.25, 1.875], "texture": "#1"},
				"west": {"uv": [0.75, 1.75, 1, 1.875], "texture": "#1"},
				"up": {"uv": [0.75, 1.75, 0.5, 1.5], "texture": "#1"},
				"down": {"uv": [1, 1.5, 0.75, 1.75], "texture": "#1"}
			}
		},
		{
			"from": [26, 2, 12],
			"to": [28, 3, 14],
			"rotation": {"angle": 0, "axis": "y", "origin": [28, 1, 12]},
			"faces": {
				"north": {"uv": [0.5, 1.75, 0.75, 1.875], "texture": "#1"},
				"east": {"uv": [0.25, 1.75, 0.5, 1.875], "texture": "#1"},
				"south": {"uv": [1, 1.75, 1.25, 1.875], "texture": "#1"},
				"west": {"uv": [0.75, 1.75, 1, 1.875], "texture": "#1"},
				"up": {"uv": [0.75, 1.75, 0.5, 1.5], "texture": "#1"},
				"down": {"uv": [1, 1.5, 0.75, 1.75], "texture": "#1"}
			}
		},
		{
			"from": [30, 4, 12],
			"to": [32, 5, 14],
			"rotation": {"angle": 0, "axis": "y", "origin": [32, 3, 12]},
			"faces": {
				"north": {"uv": [0.5, 1.75, 0.75, 1.875], "texture": "#1"},
				"east": {"uv": [0.25, 1.75, 0.5, 1.875], "texture": "#1"},
				"south": {"uv": [1, 1.75, 1.25, 1.875], "texture": "#1"},
				"west": {"uv": [0.75, 1.75, 1, 1.875], "texture": "#1"},
				"up": {"uv": [0.75, 1.75, 0.5, 1.5], "texture": "#1"},
				"down": {"uv": [1, 1.5, 0.75, 1.75], "texture": "#1"}
			}
		},
		{
			"from": [30, 2, 12],
			"to": [32, 3, 14],
			"rotation": {"angle": 0, "axis": "y", "origin": [32, 1, 12]},
			"faces": {
				"north": {"uv": [0.5, 1.75, 0.75, 1.875], "texture": "#1"},
				"east": {"uv": [0.25, 1.75, 0.5, 1.875], "texture": "#1"},
				"south": {"uv": [1, 1.75, 1.25, 1.875], "texture": "#1"},
				"west": {"uv": [0.75, 1.75, 1, 1.875], "texture": "#1"},
				"up": {"uv": [0.75, 1.75, 0.5, 1.5], "texture": "#1"},
				"down": {"uv": [1, 1.5, 0.75, 1.75], "texture": "#1"}
			}
		},
		{
			"from": [1, 16, 11],
			"to": [7, 19, 13],
			"rotation": {"angle": 0, "axis": "y", "origin": [5, 16, 11]},
			"faces": {
				"north": {"uv": [0.25, 1, 1, 1.5], "texture": "#1"},
				"east": {"uv": [0, 1, 0.25, 1.5], "texture": "#1"},
				"south": {"uv": [1.25, 1, 2, 1.5], "texture": "#1"},
				"west": {"uv": [1, 1, 1.25, 1.5], "texture": "#1"},
				"up": {"uv": [1, 1, 0.25, 0.75], "texture": "#1"},
				"down": {"uv": [1.75, 0.75, 1, 1], "texture": "#1"}
			}
		},
		{
			"from": [1, 16, 3],
			"to": [7, 19, 5],
			"rotation": {"angle": 0, "axis": "y", "origin": [5, 16, 3]},
			"faces": {
				"north": {"uv": [0.25, 1, 1, 1.5], "texture": "#1"},
				"east": {"uv": [0, 1, 0.25, 1.5], "texture": "#1"},
				"south": {"uv": [1.25, 1, 2, 1.5], "texture": "#1"},
				"west": {"uv": [1, 1, 1.25, 1.5], "texture": "#1"},
				"up": {"uv": [1, 1, 0.25, 0.75], "texture": "#1"},
				"down": {"uv": [1.75, 0.75, 1, 1], "texture": "#1"}
			}
		},
		{
			"from": [-3, 17, 11],
			"to": [3, 20, 13],
			"rotation": {"angle": -22.5, "axis": "z", "origin": [1, 17, 11]},
			"faces": {
				"north": {"uv": [0.25, 1, 1, 1.5], "texture": "#1"},
				"east": {"uv": [0, 1, 0.25, 1.5], "texture": "#1"},
				"south": {"uv": [1.25, 1, 2, 1.5], "texture": "#1"},
				"west": {"uv": [1, 1, 1.25, 1.5], "texture": "#1"},
				"up": {"uv": [1, 1, 0.25, 0.75], "texture": "#1"},
				"down": {"uv": [1.75, 0.75, 1, 1], "texture": "#1"}
			}
		},
		{
			"from": [4, 14, 11],
			"to": [10, 17, 13],
			"rotation": {"angle": -22.5, "axis": "z", "origin": [8, 14, 11]},
			"faces": {
				"north": {"uv": [0.25, 1, 1, 1.5], "texture": "#1"},
				"east": {"uv": [0, 1, 0.25, 1.5], "texture": "#1"},
				"south": {"uv": [1.25, 1, 2, 1.5], "texture": "#1"},
				"west": {"uv": [1, 1, 1.25, 1.5], "texture": "#1"},
				"up": {"uv": [1, 1, 0.25, 0.75], "texture": "#1"},
				"down": {"uv": [1.75, 0.75, 1, 1], "texture": "#1"}
			}
		},
		{
			"from": [-3, 17, 3],
			"to": [3, 20, 5],
			"rotation": {"angle": -22.5, "axis": "z", "origin": [1, 17, 3]},
			"faces": {
				"north": {"uv": [0.25, 1, 1, 1.5], "texture": "#1"},
				"east": {"uv": [0, 1, 0.25, 1.5], "texture": "#1"},
				"south": {"uv": [1.25, 1, 2, 1.5], "texture": "#1"},
				"west": {"uv": [1, 1, 1.25, 1.5], "texture": "#1"},
				"up": {"uv": [1, 1, 0.25, 0.75], "texture": "#1"},
				"down": {"uv": [1.75, 0.75, 1, 1], "texture": "#1"}
			}
		},
		{
			"from": [4, 14, 3],
			"to": [10, 17, 5],
			"rotation": {"angle": -22.5, "axis": "z", "origin": [8, 14, 3]},
			"faces": {
				"north": {"uv": [0.25, 1, 1, 1.5], "texture": "#1"},
				"east": {"uv": [0, 1, 0.25, 1.5], "texture": "#1"},
				"south": {"uv": [1.25, 1, 2, 1.5], "texture": "#1"},
				"west": {"uv": [1, 1, 1.25, 1.5], "texture": "#1"},
				"up": {"uv": [1, 1, 0.25, 0.75], "texture": "#1"},
				"down": {"uv": [1.75, 0.75, 1, 1], "texture": "#1"}
			}
		},
		{
			"from": [3, 15, 11],
			"to": [8, 18, 13],
			"rotation": {"angle": 0, "axis": "y", "origin": [6, 15, 11]},
			"faces": {
				"north": {"uv": [0.25, 1, 1, 1.5], "texture": "#1"},
				"east": {"uv": [0, 1, 0.25, 1.5], "texture": "#1"},
				"south": {"uv": [1.25, 1, 2, 1.5], "texture": "#1"},
				"west": {"uv": [1, 1, 1.25, 1.5], "texture": "#1"},
				"up": {"uv": [1, 1, 0.25, 0.75], "texture": "#1"},
				"down": {"uv": [1.75, 0.75, 1, 1], "texture": "#1"}
			}
		},
		{
			"from": [3, 15, 3],
			"to": [9, 18, 5],
			"rotation": {"angle": 0, "axis": "y", "origin": [7, 15, 3]},
			"faces": {
				"north": {"uv": [0.25, 0.25, 1, 0.75], "texture": "#1"},
				"east": {"uv": [0, 0.25, 0.25, 0.75], "texture": "#1"},
				"south": {"uv": [1.25, 0.25, 2, 0.75], "texture": "#1"},
				"west": {"uv": [1, 0.25, 1.25, 0.75], "texture": "#1"},
				"up": {"uv": [1, 0.25, 0.25, 0], "texture": "#1"},
				"down": {"uv": [1.75, 0, 1, 0.25], "texture": "#1"}
			}
		},
		{
			"from": [0, 0, 20],
			"to": [9, 15, 22],
			"rotation": {"angle": 22.5, "axis": "y", "origin": [0, 0, 20]},
			"faces": {
				"north": {"uv": [0, 0, 1.125, 1.875], "texture": "#1"},
				"east": {"uv": [0, 0, 0.25, 1.875], "texture": "#1"},
				"south": {"uv": [0, 0, 1.125, 1.875], "texture": "#1"},
				"west": {"uv": [0, 0, 0.25, 1.875], "texture": "#1"},
				"up": {"uv": [0, 0, 1.125, 0.25], "texture": "#1"},
				"down": {"uv": [0, 0, 1.125, 0.25], "texture": "#1"}
			}
		},
		{
			"from": [-2, 0, 22],
			"to": [7, 15, 24],
			"rotation": {"angle": 22.5, "axis": "y", "origin": [-2, 0, 22]},
			"faces": {
				"north": {"uv": [0, 0, 1.125, 1.875], "texture": "#1"},
				"east": {"uv": [0, 0, 0.25, 1.875], "texture": "#1"},
				"south": {"uv": [0, 0, 1.125, 1.875], "texture": "#1"},
				"west": {"uv": [0, 0, 0.25, 1.875], "texture": "#1"},
				"up": {"uv": [0, 0, 1.125, 0.25], "texture": "#1"},
				"down": {"uv": [0, 0, 1.125, 0.25], "texture": "#1"}
			}
		},
		{
			"from": [0, 0, -7],
			"to": [9, 15, -5],
			"rotation": {"angle": -22.5, "axis": "y", "origin": [0, 0, -7]},
			"faces": {
				"north": {"uv": [0, 0, 1.125, 1.875], "texture": "#1"},
				"east": {"uv": [0, 0, 0.25, 1.875], "texture": "#1"},
				"south": {"uv": [0, 0, 1.125, 1.875], "texture": "#1"},
				"west": {"uv": [0, 0, 0.25, 1.875], "texture": "#1"},
				"up": {"uv": [0, 0, 1.125, 0.25], "texture": "#1"},
				"down": {"uv": [0, 0, 1.125, 0.25], "texture": "#1"}
			}
		},
		{
			"from": [-2, 0, -9],
			"to": [7, 15, -7],
			"rotation": {"angle": -22.5, "axis": "y", "origin": [-2, 0, -9]},
			"faces": {
				"north": {"uv": [0, 0, 1.125, 1.875], "texture": "#1"},
				"east": {"uv": [0, 0, 0.25, 1.875], "texture": "#1"},
				"south": {"uv": [0, 0, 1.125, 1.875], "texture": "#1"},
				"west": {"uv": [0, 0, 0.25, 1.875], "texture": "#1"},
				"up": {"uv": [0, 0, 1.125, 0.25], "texture": "#1"},
				"down": {"uv": [0, 0, 1.125, 0.25], "texture": "#1"}
			}
		},
		{
			"from": [-6, 0, 2],
			"to": [3, 15, 4],
			"rotation": {"angle": -22.5, "axis": "y", "origin": [-6, 0, 2]},
			"faces": {
				"north": {"uv": [0, 0, 1.125, 1.875], "texture": "#1"},
				"east": {"uv": [0, 0, 0.25, 1.875], "texture": "#1"},
				"south": {"uv": [0, 0, 1.125, 1.875], "texture": "#1"},
				"west": {"uv": [0, 0, 0.25, 1.875], "texture": "#1"},
				"up": {"uv": [0, 0, 1.125, 0.25], "texture": "#1"},
				"down": {"uv": [0, 0, 1.125, 0.25], "texture": "#1"}
			}
		},
		{
			"from": [-6, 0, 12],
			"to": [3, 15, 14],
			"rotation": {"angle": 22.5, "axis": "y", "origin": [-6, 0, 12]},
			"faces": {
				"north": {"uv": [0, 0, 1.125, 1.875], "texture": "#1"},
				"east": {"uv": [0, 0, 0.25, 1.875], "texture": "#1"},
				"south": {"uv": [0, 0, 1.125, 1.875], "texture": "#1"},
				"west": {"uv": [0, 0, 0.25, 1.875], "texture": "#1"},
				"up": {"uv": [0, 0, 1.125, 0.25], "texture": "#1"},
				"down": {"uv": [0, 0, 1.125, 0.25], "texture": "#1"}
			}
		},
		{
			"from": [2, 2, 17],
			"to": [11, 13, 19],
			"rotation": {"angle": 22.5, "axis": "y", "origin": [2, 0, 17]},
			"faces": {
				"north": {"uv": [0, 0, 1.125, 1.375], "texture": "#1"},
				"east": {"uv": [0, 0, 0.25, 1.375], "texture": "#1"},
				"south": {"uv": [0, 0, 1.125, 1.375], "texture": "#1"},
				"west": {"uv": [0, 0, 0.25, 1.375], "texture": "#1"},
				"up": {"uv": [0, 0, 1.125, 0.25], "texture": "#1"},
				"down": {"uv": [0, 0, 1.125, 0.25], "texture": "#1"}
			}
		},
		{
			"from": [2, 2, -4],
			"to": [11, 13, -2],
			"rotation": {"angle": -22.5, "axis": "y", "origin": [2, 0, -4]},
			"faces": {
				"north": {"uv": [0, 0, 1.125, 1.375], "texture": "#1"},
				"east": {"uv": [0, 0, 0.25, 1.375], "texture": "#1"},
				"south": {"uv": [0, 0, 1.125, 1.375], "texture": "#1"},
				"west": {"uv": [0, 0, 0.25, 1.375], "texture": "#1"},
				"up": {"uv": [0, 0, 1.125, 0.25], "texture": "#1"},
				"down": {"uv": [0, 0, 1.125, 0.25], "texture": "#1"}
			}
		}
	],
	"display": {
		"thirdperson_righthand": {
			"rotation": [0, 90, 0],
			"scale": [0.6, 0.6, 0.6]
		},
		"thirdperson_lefthand": {
			"rotation": [0, -90, 0],
			"scale": [0.6, 0.6, 0.6]
		},
		"firstperson_righthand": {
			"rotation": [0, 90, 0],
			"scale": [0.6, 0.6, 0.6]
		},
		"firstperson_lefthand": {
			"rotation": [0, -90, 0],
			"scale": [0.6, 0.6, 0.6]
		},
		"ground": {
			"translation": [0, 3.5, 0]
		},
		"gui": {
			"rotation": [0, -70, 0],
			"translation": [0.25, -1, 0],
			"scale": [0.6, 0.75, 0.6]
		},
		"head": {
			"rotation": [0, 90, 0],
			"translation": [0, -0.5, 0]
		},
		"fixed": {
			"rotation": [0, 90, 0],
			"translation": [0, 0, 1]
		}
	}
}