{
	"credit": "Made with Blockbench",
	"texture_size": [128, 128],
	"textures": {
		"0": "item/custom/salmon_crown/salmon",
		"1": "item/custom/salmon_crown/crown",
		"6": "item/custom/salmon_crown/innerhat",
		"7": "item/custom/salmon_crown/salmon_item",
		"particle": "item/custom/salmon_crown/salmon"
	},
	"elements": [
		{
			"from": [7.3, 6, 7.35],
			"to": [8.55, 6.5, 8.6],
			"rotation": {"angle": 0, "axis": "y", "origin": [7.45, 4.3, 7.625]},
			"faces": {
				"north": {"uv": [0, 1.25, 0.75, 1.75], "texture": "#1"},
				"east": {"uv": [0, 1.25, 0.75, 1.75], "texture": "#1"},
				"south": {"uv": [0, 1.25, 0.75, 1.7625], "texture": "#1"},
				"west": {"uv": [0, 1.25, 0.75, 1.75], "texture": "#1"},
				"up": {"uv": [0, 1.25, 0.75, 1.7375], "texture": "#1"},
				"down": {"uv": [0, 1.25, 0.75, 1.75], "texture": "#1"}
			}
		},
		{
			"name": "salmonitem",
			"from": [6.05, 6.4, 7.9],
			"to": [8.55, 9.9, 8],
			"rotation": {"angle": 22.5, "axis": "y", "origin": [8.05, 4.3, 7.925]},
			"faces": {
				"north": {"uv": [2, 1.05, 15.05, 15], "texture": "#7"},
				"east": {"uv": [2, 1, 2, 16], "texture": "#7"},
				"south": {"uv": [15, 1, 2, 15], "texture": "#7"},
				"west": {"uv": [14, 1, 14, 15], "texture": "#7"},
				"up": {"uv": [2, 1, 14.75, 1], "texture": "#7"},
				"down": {"uv": [2, 15, 14.75, 15], "texture": "#7"}
			}
		},
		{
			"name": "crownrim",
			"from": [3.4, 0, 3.4],
			"to": [12.4, 2.5, 3.9],
			"rotation": {"angle": 0, "axis": "y", "origin": [7.95, 3.6125, 7.8625]},
			"faces": {
				"north": {"uv": [0, 0, 4.5, 1.25], "texture": "#1"},
				"east": {"uv": [0, 0, 0.25, 1.25], "texture": "#1"},
				"south": {"uv": [0, 0, 4.5, 1.25], "texture": "#1"},
				"west": {"uv": [4.25, 0, 4.5, 1.25], "texture": "#1"},
				"up": {"uv": [0, 0, 4.5, 0.25], "texture": "#1"},
				"down": {"uv": [0, 1.25, 4.5, 1.5], "texture": "#1"}
			}
		},
		{
			"name": "topfringe",
			"from": [6.9, 5.95, 3.625],
			"to": [8.9, 6, 8.125],
			"rotation": {"angle": 0, "axis": "x", "origin": [7.95, 3.6125, 7.8625]},
			"faces": {
				"north": {"uv": [0, 0, 0.5, 0.025], "rotation": 180, "texture": "#1"},
				"east": {"uv": [2.5, 2, 2.525, 3.5], "rotation": 270, "texture": "#1"},
				"south": {"uv": [3.25, 2, 2.5, 2.025], "texture": "#1"},
				"west": {"uv": [3, 2, 3.025, 3.5], "rotation": 90, "texture": "#1"},
				"up": {"uv": [2.5, 2, 3.25, 3.5], "rotation": 180, "texture": "#1"},
				"down": {"uv": [3.25, 2, 2.5, 3.5], "texture": "#1"}
			}
		},
		{
			"name": "middlefringe",
			"from": [6.9, 2.5, 3.625],
			"to": [8.9, 6, 3.675],
			"rotation": {"angle": 0, "axis": "y", "origin": [7.95, 3.6125, 7.8625]},
			"faces": {
				"north": {"uv": [1.75, 2.25, 2.5, 3.5], "texture": "#1"},
				"east": {"uv": [5.5, 0.75, 5.525, 1.5], "texture": "#1"},
				"south": {"uv": [2.5, 2.25, 1.75, 3.5], "texture": "#1"},
				"west": {"uv": [6, 0.75, 6.025, 1.5], "texture": "#1"},
				"up": {"uv": [5, 1, 5.5, 1.025], "texture": "#1"},
				"down": {"uv": [0, 0, 0.5, 0.025], "texture": "#missing"}
			}
		},
		{
			"name": "rightfringe",
			"from": [3.65, 2.5, 3.625],
			"to": [4.65, 4, 3.675],
			"rotation": {"angle": 0, "axis": "y", "origin": [7.95, 3.6125, 7.8625]},
			"faces": {
				"north": {"uv": [4, 3.75, 4.5, 4.5], "texture": "#1"},
				"east": {"uv": [5.5, 0.75, 5.525, 1.5], "texture": "#1"},
				"south": {"uv": [4.5, 3.75, 4, 4.5], "texture": "#1"},
				"west": {"uv": [6, 0.75, 6.025, 1.5], "texture": "#1"},
				"up": {"uv": [5, 1, 5.5, 1.025], "texture": "#1"},
				"down": {"uv": [0, 0, 0.5, 0.025], "texture": "#missing"}
			}
		},
		{
			"name": "leftfringe",
			"from": [11.25, 2.5, 3.65],
			"to": [12.25, 4, 3.7],
			"rotation": {"angle": 0, "axis": "y", "origin": [7.95, 3.6125, 7.8625]},
			"faces": {
				"north": {"uv": [0, 3.5, 0.5, 4.25], "texture": "#1"},
				"east": {"uv": [5.25, 1.25, 5.275, 2], "texture": "#1"},
				"south": {"uv": [0.5, 3.5, 0, 4.25], "texture": "#1"},
				"west": {"uv": [6, 1.5, 6.025, 2.25], "texture": "#1"},
				"up": {"uv": [5.25, 0.75, 5.75, 0.775], "rotation": 180, "texture": "#1"},
				"down": {"uv": [0, 0, 0.5, 0.025], "rotation": 180, "texture": "#missing"}
			}
		},
		{
			"name": "crownrim",
			"from": [3.5, 0, 12.025],
			"to": [12.5, 2.5, 12.525],
			"rotation": {"angle": 0, "axis": "y", "origin": [7.95, 3.6125, 8.0625]},
			"faces": {
				"north": {"uv": [0, 0, 4.5, 1.25], "texture": "#1"},
				"east": {"uv": [4.25, 0, 4.5, 1.25], "texture": "#1"},
				"south": {"uv": [0, 0, 4.5, 1.25], "texture": "#1"},
				"west": {"uv": [0, 0, 0.25, 1.25], "texture": "#1"},
				"up": {"uv": [0, 0, 4.5, 0.25], "rotation": 180, "texture": "#1"},
				"down": {"uv": [0, 1.25, 4.5, 1.5], "rotation": 180, "texture": "#1"}
			}
		},
		{
			"name": "topfringe",
			"from": [7, 5.95, 7.8],
			"to": [9, 6, 12.3],
			"rotation": {"angle": 0, "axis": "y", "origin": [7.95, 3.6125, 8.0625]},
			"faces": {
				"north": {"uv": [3.25, 2, 2.5, 2.025], "texture": "#1"},
				"east": {"uv": [3, 2, 3.025, 3.5], "rotation": 90, "texture": "#1"},
				"south": {"uv": [0, 0, 0.5, 0.025], "rotation": 180, "texture": "#1"},
				"west": {"uv": [2.5, 2, 2.525, 3.5], "rotation": 270, "texture": "#1"},
				"up": {"uv": [2.5, 2, 3.25, 3.5], "texture": "#1"},
				"down": {"uv": [3.25, 2, 2.5, 3.5], "rotation": 180, "texture": "#1"}
			}
		},
		{
			"name": "middlefringe",
			"from": [7, 2.5, 12.25],
			"to": [9, 6, 12.3],
			"rotation": {"angle": 0, "axis": "y", "origin": [7.95, 3.6125, 8.0625]},
			"faces": {
				"north": {"uv": [2.5, 2.25, 1.75, 3.5], "texture": "#1"},
				"east": {"uv": [6, 0.75, 6.025, 1.5], "texture": "#1"},
				"south": {"uv": [1.75, 2.25, 2.5, 3.5], "texture": "#1"},
				"west": {"uv": [5.5, 0.75, 5.525, 1.5], "texture": "#1"},
				"up": {"uv": [5, 1, 5.5, 1.025], "rotation": 180, "texture": "#1"},
				"down": {"uv": [0, 0, 0.5, 0.025], "rotation": 180, "texture": "#missing"}
			}
		},
		{
			"name": "rightfringe",
			"from": [11.25, 2.5, 12.25],
			"to": [12.25, 4, 12.3],
			"rotation": {"angle": 0, "axis": "y", "origin": [7.95, 3.6125, 8.0625]},
			"faces": {
				"north": {"uv": [4.5, 3.75, 4, 4.5], "texture": "#1"},
				"east": {"uv": [6, 0.75, 6.025, 1.5], "texture": "#1"},
				"south": {"uv": [4, 3.75, 4.5, 4.5], "texture": "#1"},
				"west": {"uv": [5.5, 0.75, 5.525, 1.5], "texture": "#1"},
				"up": {"uv": [5, 1, 5.5, 1.025], "rotation": 180, "texture": "#1"},
				"down": {"uv": [0, 0, 0.5, 0.025], "rotation": 180, "texture": "#missing"}
			}
		},
		{
			"name": "leftfringe",
			"from": [3.65, 2.5, 12.225],
			"to": [4.65, 4, 12.275],
			"rotation": {"angle": 0, "axis": "y", "origin": [7.95, 3.6125, 8.0625]},
			"faces": {
				"north": {"uv": [0.5, 3.5, 0, 4.25], "texture": "#1"},
				"east": {"uv": [6, 1.5, 6.025, 2.25], "texture": "#1"},
				"south": {"uv": [0, 3.5, 0.5, 4.25], "texture": "#1"},
				"west": {"uv": [5.25, 1.25, 5.275, 2], "texture": "#1"},
				"up": {"uv": [5.25, 0.75, 5.75, 0.775], "texture": "#1"},
				"down": {"uv": [0, 0, 0.5, 0.025], "texture": "#missing"}
			}
		},
		{
			"name": "crownrim",
			"from": [12.0125, 0, 3.4125],
			"to": [12.5125, 2.5, 12.4125],
			"rotation": {"angle": 0, "axis": "y", "origin": [8.05, 3.6125, 7.9625]},
			"faces": {
				"north": {"uv": [4.25, 0, 4.5, 1.25], "texture": "#1"},
				"east": {"uv": [0, 0, 4.5, 1.25], "texture": "#1"},
				"south": {"uv": [0, 0, 0.25, 1.25], "texture": "#1"},
				"west": {"uv": [0, 0, 4.5, 1.25], "texture": "#1"},
				"up": {"uv": [0, 0, 4.5, 0.25], "rotation": 90, "texture": "#1"},
				"down": {"uv": [0, 1.25, 4.5, 1.5], "rotation": 270, "texture": "#1"}
			}
		},
		{
			"name": "topfringe",
			"from": [7.7875, 5.95, 6.9125],
			"to": [12.2875, 6, 8.9125],
			"rotation": {"angle": 0, "axis": "y", "origin": [8.05, 3.6125, 7.9625]},
			"faces": {
				"north": {"uv": [3, 2, 3.025, 3.5], "rotation": 90, "texture": "#1"},
				"east": {"uv": [0, 0, 0.5, 0.025], "rotation": 180, "texture": "#1"},
				"south": {"uv": [2.5, 2, 2.525, 3.5], "rotation": 270, "texture": "#1"},
				"west": {"uv": [3.25, 2, 2.5, 2.025], "texture": "#1"},
				"up": {"uv": [2.5, 2, 3.25, 3.5], "rotation": 270, "texture": "#1"},
				"down": {"uv": [3.25, 2, 2.5, 3.5], "rotation": 270, "texture": "#1"}
			}
		},
		{
			"name": "middlefringe",
			"from": [12.2375, 2.5, 6.9125],
			"to": [12.2875, 6, 8.9125],
			"rotation": {"angle": 0, "axis": "y", "origin": [8.05, 3.6125, 7.9625]},
			"faces": {
				"north": {"uv": [6, 0.75, 6.025, 1.5], "texture": "#1"},
				"east": {"uv": [1.75, 2.25, 2.5, 3.5], "texture": "#1"},
				"south": {"uv": [5.5, 0.75, 5.525, 1.5], "texture": "#1"},
				"west": {"uv": [2.5, 2.25, 1.75, 3.5], "texture": "#1"},
				"up": {"uv": [5, 1, 5.5, 1.025], "rotation": 90, "texture": "#1"},
				"down": {"uv": [0, 0, 0.5, 0.025], "rotation": 270, "texture": "#missing"}
			}
		},
		{
			"name": "rightfringe",
			"from": [12.2375, 2.5, 3.6625],
			"to": [12.2875, 4, 4.6625],
			"rotation": {"angle": 0, "axis": "y", "origin": [8.05, 3.6125, 7.9625]},
			"faces": {
				"north": {"uv": [6, 0.75, 6.025, 1.5], "texture": "#1"},
				"east": {"uv": [4, 3.75, 4.5, 4.5], "texture": "#1"},
				"south": {"uv": [5.5, 0.75, 5.525, 1.5], "texture": "#1"},
				"west": {"uv": [4.5, 3.75, 4, 4.5], "texture": "#1"},
				"up": {"uv": [5, 1, 5.5, 1.025], "rotation": 90, "texture": "#1"},
				"down": {"uv": [0, 0, 0.5, 0.025], "rotation": 270, "texture": "#missing"}
			}
		},
		{
			"name": "leftfringe",
			"from": [12.2125, 2.5, 11.2625],
			"to": [12.2625, 4, 12.2625],
			"rotation": {"angle": 0, "axis": "y", "origin": [8.05, 3.6125, 7.9625]},
			"faces": {
				"north": {"uv": [6, 1.5, 6.025, 2.25], "texture": "#1"},
				"east": {"uv": [0, 3.5, 0.5, 4.25], "texture": "#1"},
				"south": {"uv": [5.25, 1.25, 5.275, 2], "texture": "#1"},
				"west": {"uv": [0.5, 3.5, 0, 4.25], "texture": "#1"},
				"up": {"uv": [5.25, 0.75, 5.75, 0.775], "rotation": 270, "texture": "#1"},
				"down": {"uv": [0, 0, 0.5, 0.025], "rotation": 90, "texture": "#missing"}
			}
		},
		{
			"name": "crownrim",
			"from": [3.3875, 0, 3.5125],
			"to": [3.8875, 2.5, 12.5125],
			"rotation": {"angle": 0, "axis": "y", "origin": [7.85, 3.6125, 7.9625]},
			"faces": {
				"north": {"uv": [0, 0, 0.25, 1.25], "texture": "#1"},
				"east": {"uv": [0, 0, 4.5, 1.25], "texture": "#1"},
				"south": {"uv": [4.25, 0, 4.5, 1.25], "texture": "#1"},
				"west": {"uv": [0, 0, 4.5, 1.25], "texture": "#1"},
				"up": {"uv": [0, 0, 4.5, 0.25], "rotation": 270, "texture": "#1"},
				"down": {"uv": [0, 1.25, 4.5, 1.5], "rotation": 90, "texture": "#1"}
			}
		},
		{
			"name": "topfringe",
			"from": [3.6125, 5.95, 7.0125],
			"to": [8.1125, 6, 9.0125],
			"rotation": {"angle": 0, "axis": "y", "origin": [7.85, 3.6125, 7.9625]},
			"faces": {
				"north": {"uv": [2.5, 2, 2.525, 3.5], "rotation": 270, "texture": "#1"},
				"east": {"uv": [3.25, 2, 2.5, 2.025], "texture": "#1"},
				"south": {"uv": [3, 2, 3.025, 3.5], "rotation": 90, "texture": "#1"},
				"west": {"uv": [0, 0, 0.5, 0.025], "rotation": 180, "texture": "#1"},
				"up": {"uv": [2.5, 2, 3.25, 3.5], "rotation": 90, "texture": "#1"},
				"down": {"uv": [3.25, 2, 2.5, 3.5], "rotation": 90, "texture": "#1"}
			}
		},
		{
			"name": "middlefringe",
			"from": [3.6125, 2.5, 7.0125],
			"to": [3.6625, 6, 9.0125],
			"rotation": {"angle": 0, "axis": "y", "origin": [7.85, 3.6125, 7.9625]},
			"faces": {
				"north": {"uv": [5.5, 0.75, 5.525, 1.5], "texture": "#1"},
				"east": {"uv": [2.5, 2.25, 1.75, 3.5], "texture": "#1"},
				"south": {"uv": [6, 0.75, 6.025, 1.5], "texture": "#1"},
				"west": {"uv": [1.75, 2.25, 2.5, 3.5], "texture": "#1"},
				"up": {"uv": [5, 1, 5.5, 1.025], "rotation": 270, "texture": "#1"},
				"down": {"uv": [0, 0, 0.5, 0.025], "rotation": 90, "texture": "#missing"}
			}
		},
		{
			"name": "rightfringe",
			"from": [3.6125, 2.5, 11.2625],
			"to": [3.6625, 4, 12.2625],
			"rotation": {"angle": 0, "axis": "y", "origin": [7.85, 3.6125, 7.9625]},
			"faces": {
				"north": {"uv": [5.5, 0.75, 5.525, 1.5], "texture": "#1"},
				"east": {"uv": [4.5, 3.75, 4, 4.5], "texture": "#1"},
				"south": {"uv": [6, 0.75, 6.025, 1.5], "texture": "#1"},
				"west": {"uv": [4, 3.75, 4.5, 4.5], "texture": "#1"},
				"up": {"uv": [5, 1, 5.5, 1.025], "rotation": 270, "texture": "#1"},
				"down": {"uv": [0, 0, 0.5, 0.025], "rotation": 90, "texture": "#missing"}
			}
		},
		{
			"name": "leftfringe",
			"from": [3.6375, 2.5, 3.6625],
			"to": [3.6875, 4, 4.6625],
			"rotation": {"angle": 0, "axis": "y", "origin": [7.85, 3.6125, 7.9625]},
			"faces": {
				"north": {"uv": [5.25, 1.25, 5.275, 2], "texture": "#1"},
				"east": {"uv": [0.5, 3.5, 0, 4.25], "texture": "#1"},
				"south": {"uv": [6, 1.5, 6.025, 2.25], "texture": "#1"},
				"west": {"uv": [0, 3.5, 0.5, 4.25], "texture": "#1"},
				"up": {"uv": [5.25, 0.75, 5.75, 0.775], "rotation": 90, "texture": "#1"},
				"down": {"uv": [0, 0, 0.5, 0.025], "rotation": 270, "texture": "#missing"}
			}
		},
		{
			"name": "salmonhead",
			"from": [4.8, 1, 4.8],
			"to": [11.15, 5.5, 11.15],
			"rotation": {"angle": 0, "axis": "y", "origin": [8.05, 4.3, 8.125]},
			"faces": {
				"north": {"uv": [11.5, 1, 14.5, 3.5], "texture": "#0"},
				"east": {"uv": [5.5, 10.5, 8, 13], "texture": "#0"},
				"south": {"uv": [13.5, 8, 16, 10.5], "texture": "#0"},
				"west": {"uv": [8, 10.5, 5.5, 13], "texture": "#0"},
				"up": {"uv": [8, 10.5, 11, 13], "texture": "#0"},
				"down": {"uv": [0, 0, 8, 8], "texture": "#0"}
			}
		},
		{
			"name": "Innerhat",
			"from": [3.8, 0.9, 3.9],
			"to": [12.2, 1.3, 12.3],
			"rotation": {"angle": 0, "axis": "y", "origin": [8.05, 4.3, 8.125]},
			"faces": {
				"north": {"uv": [4.5, 0, 8.75, 0.25], "texture": "#6"},
				"east": {"uv": [4.5, 0.5, 8.75, 0.75], "texture": "#6"},
				"south": {"uv": [4.5, 1, 8.75, 1.25], "texture": "#6"},
				"west": {"uv": [4.5, 1.5, 8.75, 1.75], "texture": "#6"},
				"up": {"uv": [4.25, 4.25, 0, 0], "texture": "#6"},
				"down": {"uv": [4.25, 4.5, 0, 8.75], "texture": "#6"}
			}
		}
	],
	"display": {
		"thirdperson_righthand": {
			"rotation": [23, 5, 11],
			"translation": [-1.5, 4.25, -1.25]
		},
		"gui": {
			"rotation": [17, 11, 1],
			"translation": [0, 5, 0],
			"scale": [1.2, 1.2, 1.2]
		},
		"head": {
			"rotation": [2, 0, -2],
			"translation": [0.75, 21, 0],
			"scale": [1.85, 2.23, 2.01]
		},
		"fixed": {
			"rotation": [-90, 0, 0],
			"translation": [0, 0, -9],
			"scale": [1.25, 1.25, 1.25]
		}
	},
	"groups": [
		{
			"name": "group",
			"origin": [8, 8, 8],
			"color": 0,
			"children": [
				0,
				1,
				{
					"name": "crownside",
					"origin": [8, 8, 8],
					"color": 0,
					"children": [2, 3, 4, 5, 6]
				},
				{
					"name": "crownside",
					"origin": [8, 8, 8],
					"color": 0,
					"children": [7, 8, 9, 10, 11]
				},
				{
					"name": "crownside",
					"origin": [8, 8, 8],
					"color": 0,
					"children": [12, 13, 14, 15, 16]
				},
				{
					"name": "crownside",
					"origin": [8, 8, 8],
					"color": 0,
					"children": [17, 18, 19, 20, 21]
				},
				22,
				23
			]
		}
	]
}