{
	"credit": "Made with Blockbench",
	"texture_size": [32, 32],
	"textures": {
		"0": "item/custom/marg/lemon",
		"1": "item/custom/marg/top_glass",
		"2": "item/custom/marg/main_glass",
		"3": "item/custom/marg/bottom_glass",
		"particle": "item/custom/marg/lemon"
	},
	"elements": [
		{
			"from": [13, 16, 2],
			"to": [14, 18, 14],
			"rotation": {"angle": 0, "axis": "y", "origin": [14, 21, 2]},
			"faces": {
				"north": {"uv": [6.5, 7, 7, 8], "texture": "#1"},
				"east": {"uv": [0, 0, 6, 1], "texture": "#1"},
				"south": {"uv": [0, 7.5, 0.5, 8.5], "texture": "#1"},
				"west": {"uv": [0, 1, 6, 2], "texture": "#1"},
				"up": {"uv": [6.5, 7, 6, 1], "texture": "#1"},
				"down": {"uv": [7, 1, 6.5, 7], "texture": "#1"}
			}
		},
		{
			"from": [2, 16, 2],
			"to": [14, 18, 3],
			"rotation": {"angle": 0, "axis": "y", "origin": [2, 21, 2]},
			"faces": {
				"north": {"uv": [0, 2, 6, 3], "texture": "#1"},
				"east": {"uv": [0.5, 7.5, 1, 8.5], "texture": "#1"},
				"south": {"uv": [0, 3, 6, 4], "texture": "#1"},
				"west": {"uv": [1, 7.5, 1.5, 8.5], "texture": "#1"},
				"up": {"uv": [6, 7.5, 0, 7], "texture": "#1"},
				"down": {"uv": [13, 1, 7, 1.5], "texture": "#1"}
			}
		},
		{
			"from": [2, 16, 13],
			"to": [14, 18, 14],
			"rotation": {"angle": 0, "axis": "y", "origin": [14, 22, 14]},
			"faces": {
				"north": {"uv": [0, 4, 6, 5], "texture": "#1"},
				"east": {"uv": [1.5, 7.5, 2, 8.5], "texture": "#1"},
				"south": {"uv": [0, 5, 6, 6], "texture": "#1"},
				"west": {"uv": [2, 7.5, 2.5, 8.5], "texture": "#1"},
				"up": {"uv": [13, 2, 7, 1.5], "texture": "#1"},
				"down": {"uv": [13, 2, 7, 2.5], "texture": "#1"}
			}
		},
		{
			"from": [2, 16, 2],
			"to": [3, 18, 14],
			"rotation": {"angle": 0, "axis": "y", "origin": [14, 22, 14]},
			"faces": {
				"north": {"uv": [2.5, 7.5, 3, 8.5], "texture": "#1"},
				"east": {"uv": [0, 6, 6, 7], "texture": "#1"},
				"south": {"uv": [7.5, 2.5, 8, 3.5], "texture": "#1"},
				"west": {"uv": [6, 0, 12, 1], "texture": "#1"},
				"up": {"uv": [7.5, 8.5, 7, 2.5], "texture": "#1"},
				"down": {"uv": [6.5, 7, 6, 13], "texture": "#1"}
			}
		},
		{
			"from": [3, 13, 3],
			"to": [13, 16, 13],
			"rotation": {"angle": 0, "axis": "y", "origin": [3, 13, 3]},
			"faces": {
				"north": {"uv": [5, 0, 10, 1.5], "texture": "#2"},
				"east": {"uv": [5, 1.5, 10, 3], "texture": "#2"},
				"south": {"uv": [5, 3, 10, 4.5], "texture": "#2"},
				"west": {"uv": [5, 4.5, 10, 6], "texture": "#2"},
				"up": {"uv": [5, 5, 0, 0], "texture": "#2"},
				"down": {"uv": [5, 5, 0, 10], "texture": "#2"}
			}
		},
		{
			"from": [6, 11, 6],
			"to": [10, 13, 10],
			"rotation": {"angle": 0, "axis": "y", "origin": [6, 11, 6]},
			"faces": {
				"north": {"uv": [5, 8, 7, 9], "texture": "#2"},
				"east": {"uv": [7, 8, 9, 9], "texture": "#2"},
				"south": {"uv": [5, 9, 7, 10], "texture": "#2"},
				"west": {"uv": [9, 6, 11, 7], "texture": "#2"},
				"up": {"uv": [7, 8, 5, 6], "texture": "#2"},
				"down": {"uv": [9, 6, 7, 8], "texture": "#2"}
			}
		},
		{
			"from": [7, 1, 7],
			"to": [9, 11, 9],
			"rotation": {"angle": 0, "axis": "y", "origin": [7, 1, 7]},
			"faces": {
				"north": {"uv": [5, 8, 6, 13], "texture": "#3"},
				"east": {"uv": [6, 8, 7, 13], "texture": "#3"},
				"south": {"uv": [7, 8, 8, 13], "texture": "#3"},
				"west": {"uv": [8, 8, 9, 13], "texture": "#3"},
				"up": {"uv": [10, 5, 9, 4], "texture": "#3"},
				"down": {"uv": [10, 5, 9, 6], "texture": "#3"}
			}
		},
		{
			"from": [5, 2, 5],
			"to": [11, 1, 11],
			"rotation": {"angle": 0, "axis": "y", "origin": [4, 1, 4]},
			"faces": {
				"north": {"uv": [9, 2, 13, 2.5], "texture": "#3"},
				"east": {"uv": [9, 2.5, 13, 3], "texture": "#3"},
				"south": {"uv": [9, 3, 13, 3.5], "texture": "#3"},
				"west": {"uv": [9, 3.5, 13, 4], "texture": "#3"},
				"up": {"uv": [9, 4, 5, 0], "texture": "#3"},
				"down": {"uv": [9, 4, 5, 8], "texture": "#3"}
			}
		},
		{
			"from": [4, 1, 4],
			"to": [12, 0, 12],
			"rotation": {"angle": 0, "axis": "y", "origin": [3, 0, 3]},
			"faces": {
				"north": {"uv": [9, 0, 14, 0.5], "texture": "#3"},
				"east": {"uv": [9, 0.5, 14, 1], "texture": "#3"},
				"south": {"uv": [9, 1, 14, 1.5], "texture": "#3"},
				"west": {"uv": [9, 1.5, 14, 2], "texture": "#3"},
				"up": {"uv": [5, 5, 0, 0], "texture": "#3"},
				"down": {"uv": [5, 5, 0, 10], "texture": "#3"}
			}
		},
		{
			"from": [-1, 16, 9],
			"to": [5, 22, 11],
			"rotation": {"angle": 0, "axis": "y", "origin": [-1, 16, 9]},
			"faces": {
				"north": {"uv": [0, 0, 6, 6], "texture": "#0"},
				"east": {"uv": [6, 0, 8, 6], "texture": "#0"},
				"south": {"uv": [0, 6, 6, 12], "rotation": 90, "texture": "#0"},
				"west": {"uv": [6, 6, 8, 12], "texture": "#0"},
				"up": {"uv": [14, 2, 8, 0], "texture": "#0"},
				"down": {"uv": [14, 2, 8, 4], "texture": "#0"}
			}
		}
	],
	"display": {
		"thirdperson_righthand": {
			"rotation": [28, -180, -7],
			"translation": [-0.25, 0, 0],
			"scale": [0.6, 0.6, 0.6]
		},
		"thirdperson_lefthand": {
			"rotation": [28, 9, 9],
			"translation": [-0.25, 0, 0],
			"scale": [0.6, 0.6, 0.6]
		},
		"firstperson_righthand": {
			"rotation": [12, -180, -12],
			"translation": [0.5, -1.5, -1.75],
			"scale": [0.55, 0.55, 0.55]
		},
		"firstperson_lefthand": {
			"rotation": [12, -180, -12],
			"translation": [0.5, -1.5, -1.75],
			"scale": [0.55, 0.55, 0.55]
		},
		"ground": {
			"translation": [0, 4, 0]
		},
		"gui": {
			"translation": [0, -1.75, 0],
			"scale": [0.67, 0.67, 0]
		},
		"fixed": {
			"rotation": [-90.5, 0, 0],
			"translation": [-0.25, -1.5, -7.25]
		}
	},
	"groups": [
		{
			"name": "group",
			"origin": [6, 11, 6],
			"color": 0,
			"children": [
				{
					"name": "group",
					"origin": [3, 16, 2],
					"color": 1,
					"children": [
						0,
						1,
						{
							"name": "group",
							"origin": [3, 16, 2],
							"color": 1,
							"children": [2, 3]
						}
					]
				},
				4,
				5,
				{
					"name": "group",
					"origin": [-1, 16, 9],
					"color": 0,
					"children": [6, 7, 8]
				}
			]
		},
		9
	]
}
